{
    "test_prompt_ids": "0",
    "mean_results": {
        "hit@10": 0.038181015318086306,
        "hit@50": 0.09449706124189176,
        "ndcg@10": 0.020474225829449414,
        "ndcg@50": 0.0327178244870024
    },
    "min_results": {
        "hit@10": 0.038181015318086306,
        "hit@50": 0.09449706124189176,
        "ndcg@10": 0.020474225829449414,
        "ndcg@50": 0.0327178244870024
    },
    "max_results": {
        "hit@10": 0.038181015318086306,
        "hit@50": 0.09449706124189176,
        "ndcg@10": 0.020474225829449414,
        "ndcg@50": 0.0327178244870024
    },
    "all_prompt_results": [
        {
            "hit@10": 0.038181015318086306,
            "hit@50": 0.09449706124189176,
            "ndcg@10": 0.020474225829449414,
            "ndcg@50": 0.0327178244870024
        }
    ]
}