{
    "test_prompt_ids": "0",
    "mean_results": {
        "hit@10": 0.0351737369430825,
        "hit@50": 0.08960928221213875,
        "ndcg@10": 0.018637880684730476,
        "ndcg@50": 0.030466703624234533
    },
    "min_results": {
        "hit@10": 0.0351737369430825,
        "hit@50": 0.08960928221213875,
        "ndcg@10": 0.018637880684730476,
        "ndcg@50": 0.030466703624234533
    },
    "max_results": {
        "hit@10": 0.0351737369430825,
        "hit@50": 0.08960928221213875,
        "ndcg@10": 0.018637880684730476,
        "ndcg@50": 0.030466703624234533
    },
    "all_prompt_results": [
        {
            "hit@10": 0.0351737369430825,
            "hit@50": 0.08960928221213875,
            "ndcg@10": 0.018637880684730476,
            "ndcg@50": 0.030466703624234533
        }
    ]
}