{
    "test_prompt_ids": "0",
    "mean_results": {
        "hit@10": 0.03639187501903341,
        "hit@50": 0.09128422206657125,
        "ndcg@10": 0.0191885162128628,
        "ndcg@50": 0.031107628162042544
    },
    "min_results": {
        "hit@10": 0.03639187501903341,
        "hit@50": 0.09128422206657125,
        "ndcg@10": 0.0191885162128628,
        "ndcg@50": 0.031107628162042544
    },
    "max_results": {
        "hit@10": 0.03639187501903341,
        "hit@50": 0.09128422206657125,
        "ndcg@10": 0.0191885162128628,
        "ndcg@50": 0.031107628162042544
    },
    "all_prompt_results": [
        {
            "hit@10": 0.03639187501903341,
            "hit@50": 0.09128422206657125,
            "ndcg@10": 0.0191885162128628,
            "ndcg@50": 0.031107628162042544
        }
    ]
}