{
    "test_prompt_ids": "0",
    "mean_results": {
        "hit@10": 0.11597938144329897,
        "hit@50": 0.23969072164948454,
        "ndcg@10": 0.061370446389780904,
        "ndcg@50": 0.08786603303415436
    },
    "min_results": {
        "hit@10": 0.11597938144329897,
        "hit@50": 0.23969072164948454,
        "ndcg@10": 0.061370446389780904,
        "ndcg@50": 0.08786603303415436
    },
    "max_results": {
        "hit@10": 0.11597938144329897,
        "hit@50": 0.23969072164948454,
        "ndcg@10": 0.061370446389780904,
        "ndcg@50": 0.08786603303415436
    },
    "all_prompt_results": [
        {
            "hit@10": 0.11597938144329897,
            "hit@50": 0.23969072164948454,
            "ndcg@10": 0.061370446389780904,
            "ndcg@50": 0.08786603303415436
        }
    ]
}