{
    "test_prompt_ids": "0",
    "mean_results": {
        "hit@10": 0.03805920151049121,
        "hit@50": 0.09461126168651217,
        "ndcg@10": 0.020348678420677526,
        "ndcg@50": 0.032647925084326596
    },
    "min_results": {
        "hit@10": 0.03805920151049121,
        "hit@50": 0.09461126168651217,
        "ndcg@10": 0.020348678420677526,
        "ndcg@50": 0.032647925084326596
    },
    "max_results": {
        "hit@10": 0.03805920151049121,
        "hit@50": 0.09461126168651217,
        "ndcg@10": 0.020348678420677526,
        "ndcg@50": 0.032647925084326596
    },
    "all_prompt_results": [
        {
            "hit@10": 0.03805920151049121,
            "hit@50": 0.09461126168651217,
            "ndcg@10": 0.020348678420677526,
            "ndcg@50": 0.032647925084326596
        }
    ]
}