{
    "test_prompt_ids": "0",
    "mean_results": {
        "hit@10": 0.03828760239973201,
        "hit@50": 0.09474068885708195,
        "ndcg@10": 0.020414286425051085,
        "ndcg@50": 0.03265879896206656
    },
    "min_results": {
        "hit@10": 0.03828760239973201,
        "hit@50": 0.09474068885708195,
        "ndcg@10": 0.020414286425051085,
        "ndcg@50": 0.03265879896206656
    },
    "max_results": {
        "hit@10": 0.03828760239973201,
        "hit@50": 0.09474068885708195,
        "ndcg@10": 0.020414286425051085,
        "ndcg@50": 0.03265879896206656
    },
    "all_prompt_results": [
        {
            "hit@10": 0.03828760239973201,
            "hit@50": 0.09474068885708195,
            "ndcg@10": 0.020414286425051085,
            "ndcg@50": 0.03265879896206656
        }
    ]
}