{
    "test_prompt_ids": "0",
    "mean_results": {
        "hit@10": 0.036338581478210556,
        "hit@50": 0.0903325516947346,
        "ndcg@10": 0.019320478364777724,
        "ndcg@50": 0.031040063583329065
    },
    "min_results": {
        "hit@10": 0.036338581478210556,
        "hit@50": 0.0903325516947346,
        "ndcg@10": 0.019320478364777724,
        "ndcg@50": 0.031040063583329065
    },
    "max_results": {
        "hit@10": 0.036338581478210556,
        "hit@50": 0.0903325516947346,
        "ndcg@10": 0.019320478364777724,
        "ndcg@50": 0.031040063583329065
    },
    "all_prompt_results": [
        {
            "hit@10": 0.036338581478210556,
            "hit@50": 0.0903325516947346,
            "ndcg@10": 0.019320478364777724,
            "ndcg@50": 0.031040063583329065
        }
    ]
}