{
    "test_prompt_ids": "0",
    "mean_results": {
        "hit@10": 0.035927459877577124,
        "hit@50": 0.08873374547004903,
        "ndcg@10": 0.01898627971867493,
        "ndcg@50": 0.03047458904674866
    },
    "min_results": {
        "hit@10": 0.035927459877577124,
        "hit@50": 0.08873374547004903,
        "ndcg@10": 0.01898627971867493,
        "ndcg@50": 0.03047458904674866
    },
    "max_results": {
        "hit@10": 0.035927459877577124,
        "hit@50": 0.08873374547004903,
        "ndcg@10": 0.01898627971867493,
        "ndcg@50": 0.03047458904674866
    },
    "all_prompt_results": [
        {
            "hit@10": 0.035927459877577124,
            "hit@50": 0.08873374547004903,
            "ndcg@10": 0.01898627971867493,
            "ndcg@50": 0.03047458904674866
        }
    ]
}