{
    "test_prompt_ids": "0",
    "mean_results": {
        "hit@10": 0.020807321009836465,
        "hit@50": 0.054976094040259466,
        "ndcg@10": 0.011304665771344145,
        "ndcg@50": 0.018707404386820232
    },
    "min_results": {
        "hit@10": 0.020807321009836465,
        "hit@50": 0.054976094040259466,
        "ndcg@10": 0.011304665771344145,
        "ndcg@50": 0.018707404386820232
    },
    "max_results": {
        "hit@10": 0.020807321009836465,
        "hit@50": 0.054976094040259466,
        "ndcg@10": 0.011304665771344145,
        "ndcg@50": 0.018707404386820232
    },
    "all_prompt_results": [
        {
            "hit@10": 0.020807321009836465,
            "hit@50": 0.054976094040259466,
            "ndcg@10": 0.011304665771344145,
            "ndcg@50": 0.018707404386820232
        }
    ]
}