{
    "test_prompt_ids": "0",
    "mean_results": {
        "hit@10": 0.037724213539604715,
        "hit@50": 0.0913375156073941,
        "ndcg@10": 0.020207059808240127,
        "ndcg@50": 0.03186656589254597
    },
    "min_results": {
        "hit@10": 0.037724213539604715,
        "hit@50": 0.0913375156073941,
        "ndcg@10": 0.020207059808240127,
        "ndcg@50": 0.03186656589254597
    },
    "max_results": {
        "hit@10": 0.037724213539604715,
        "hit@50": 0.0913375156073941,
        "ndcg@10": 0.020207059808240127,
        "ndcg@50": 0.03186656589254597
    },
    "all_prompt_results": [
        {
            "hit@10": 0.037724213539604715,
            "hit@50": 0.0913375156073941,
            "ndcg@10": 0.020207059808240127,
            "ndcg@50": 0.03186656589254597
        }
    ]
}